crop,phenotype_environment_id,weather_environment_id,canonical_environment_id,location,year,mapping_rule,review_status
Wheat,Loc1_2016,2016-Loc1,Loc1_2016,Loc1,2016,swap_year_location,auto_verified
Wheat,Loc1_2017,2017-Loc1,Loc1_2017,Loc1,2017,swap_year_location,auto_verified
Wheat,Loc2_2014,2014-Loc2,Loc2_2014,Loc2,2014,swap_year_location,auto_verified
Wheat,Loc2_2016,2016-Loc2,Loc2_2016,Loc2,2016,swap_year_location,auto_verified
Wheat,Loc2_2018,2018-Loc2,Loc2_2018,Loc2,2018,swap_year_location,auto_verified
Wheat,Loc3_2014,2014-Loc3,Loc3_2014,Loc3,2014,swap_year_location,auto_verified
Wheat,Loc3_2015,2015-Loc3,Loc3_2015,Loc3,2015,swap_year_location,auto_verified
Wheat,Loc3_2016,2016-Loc3,Loc3_2016,Loc3,2016,swap_year_location,auto_verified
Wheat,Loc3_2018,2018-Loc3,Loc3_2018,Loc3,2018,swap_year_location,auto_verified
Wheat,Loc4_2014,2014-Loc4,Loc4_2014,Loc4,2014,swap_year_location,auto_verified
Wheat,Loc4_2016,2016-Loc4,Loc4_2016,Loc4,2016,swap_year_location,auto_verified
Wheat,Loc4_2018,2018-Loc4,Loc4_2018,Loc4,2018,swap_year_location,auto_verified
