crop,trait,model,params,CV-G,CV-GCluster,CV-E,CV-GE,OOD-G,OOD-E,OOD-GE,RobustScore,WorstScore,SD,RMSE,runtime,n_folds,status
Maize,Trait_1,distributional_gblup,full-marker VanRaden-I; fold-local MAF/missing QC; G kernel only; training-only weather ridge location/scale calibration,0.6137057109515243,0.5976131231852204,0.14524165655835225,0.21727963935547717,0.5475265185076764,0.3829394737455381,0.3332949845927687,0.39346003251264355,0.0782190485281186,0.17056487038840504,2.095082807140174,23.59691977314651,42,complete
Maize,Trait_1,distributional_reaction_norm_gblup,full-marker VanRaden-I; fold-local MAF/missing QC; linear compact E kernel; training-only weather ridge location/scale calibration,0.6347987894878386,0.6196405744211206,0.13923372738587084,0.0894936121482954,0.5694280094915344,0.2304931772380341,0.26199467912813457,0.3707916758607814,-0.07355697562242808,0.2042424591383282,2.1476280983931777,46.14261373132467,42,complete
Maize,Trait_1,distributional_rkhs,full-marker VanRaden-I; fold-local MAF/missing QC; weather-PCA RBF E kernel; training-only weather ridge location/scale calibration,0.6397714770844984,0.6259256782086529,0.14409101576981503,0.13809738659483067,0.576946672666855,0.3541520334264054,0.3204065723863213,0.38697138941444925,0.03996219098106728,0.1867974685490121,2.0888871058111333,66.81438612192869,42,complete
Maize,Trait_1,gblup,full-marker VanRaden-I; fold-local MAF/missing QC; G kernel only,0.29260296076020786,0.2816892337645509,0.14545386767110066,0.1894836488549103,0.2681606020878012,0.08890047049318668,0.1269582032395614,0.22730742776269244,-0.04509149394186259,0.13084194113102457,2.2349606293195476,25.002393186092377,42,complete
Maize,Trait_1,gblup_environment,full-marker VanRaden-I; fold-local MAF/missing QC; linear compact E kernel,0.5556594305268412,0.5159715252394915,0.19569813539237207,0.1648051122653975,0.4559558794600899,0.22973165100579243,0.23454146569024883,0.35803355085602556,0.06327909657448405,0.1732971856850712,2.177876536620423,25.439198549836874,42,complete
Maize,Trait_1,maize_gate_fb_distributional_reaction_norm_gblup,Reaction-Norm GBLUP with phenotype-blind weather OOD gate (strength 4); fallback distributional_reaction_norm_gblup,0.642909472615137,0.6143253475157353,0.3724203649662289,0.3289940972549076,0.5607646003566179,0.20473844961926604,0.23120290708091137,0.4896623205880022,-0.017234331313199448,0.20184788781708826,2.056706331536109,0.0,42,complete
Maize,Trait_1,maize_gate_fb_distributional_rkhs,Reaction-Norm GBLUP with phenotype-blind weather OOD gate (strength 4); fallback distributional_rkhs,0.642909472615137,0.6143253475157353,0.3724203649662289,0.3289940972549076,0.5607646003566179,0.24915587029250244,0.26772046889573486,0.4896623205880022,-0.017234331313199448,0.19658084320501207,2.0490334788248235,0.0,42,complete
Maize,Trait_1,maize_gate_fb_gblup,Reaction-Norm GBLUP with phenotype-blind weather OOD gate (strength 4); fallback gblup,0.642909472615137,0.6143253475157353,0.3724203649662289,0.3289940972549076,0.5607646003566179,0.13022765297654532,0.1569564832229552,0.4896623205880022,-0.08605597645566224,0.2196335292841211,2.0164143832545847,0.0,42,complete
Maize,Trait_1,maize_gate_fb_gblup_environment,Reaction-Norm GBLUP with phenotype-blind weather OOD gate (strength 4); fallback gblup_environment,0.642909472615137,0.6143253475157353,0.3724203649662289,0.3289940972549076,0.5607646003566179,0.24862001494978214,0.27186218647872584,0.4896623205880022,-0.017234331313199448,0.19635928362403218,2.059862275702243,0.0,42,complete
Maize,Trait_1,maize_gate_fb_rkhs,Reaction-Norm GBLUP with phenotype-blind weather OOD gate (strength 4); fallback rkhs,0.642909472615137,0.6143253475157353,0.3724203649662289,0.3289940972549076,0.5607646003566179,0.1893713971590496,0.19441119690944986,0.4896623205880022,-0.017234331313199448,0.20731080804334487,2.0172689032711455,0.0,42,complete
Maize,Trait_1,maize_gate_pc3q90,Reaction-Norm GBLUP with phenotype-blind weather OOD gate geometry pc3q90,0.642909472615137,0.6143253475157353,0.3740729517656599,0.3289940972549076,0.5607646003566179,0.26611278057092735,0.27838753937086513,0.4900754672878599,-0.017234331313199448,0.19522194996853037,2.046212019790242,0.0,42,complete
Maize,Trait_1,maize_gate_pc5q75,Reaction-Norm GBLUP with phenotype-blind weather OOD gate geometry pc5q75,0.642909472615137,0.6143253475157353,0.3724203649662289,0.3289940972549076,0.5607646003566179,0.26611278057092735,0.27838753937086513,0.4896623205880022,-0.017234331313199448,0.19562214173926226,2.047052585413419,0.0,42,complete
Maize,Trait_1,maize_gate_pc5q95,Reaction-Norm GBLUP with phenotype-blind weather OOD gate geometry pc5q95,0.642909472615137,0.6143253475157353,0.3724203649662289,0.3289940972549076,0.5607646003566179,0.26611278057092735,0.27838753937086513,0.4896623205880022,-0.017234331313199448,0.19562214173926226,2.047052585413419,0.0,42,complete
Maize,Trait_1,maize_gate_pc8q90,Reaction-Norm GBLUP with phenotype-blind weather OOD gate geometry pc8q90,0.642909472615137,0.6143253475157353,0.3724203649662289,0.3289940972549076,0.5607646003566179,0.26611278057092735,0.27838753937086513,0.4896623205880022,-0.017234331313199448,0.19562214173926226,2.047052585413419,0.0,42,complete
Maize,Trait_1,maize_weather_ood_gate,Reaction-Norm GBLUP with phenotype-blind fold-local weather-distance OOD gate (strength 1) to calibrated additive GBLUP,0.642909472615137,0.6143253475157353,0.3724203649662289,0.3289940972549076,0.5607646003566179,0.19799997455278504,0.2400690326520075,0.4896623205880022,-0.017234331313199448,0.20158220613865482,2.0480450687989253,0.0,42,complete
Maize,Trait_1,maize_weather_ood_gate_s2,Reaction-Norm GBLUP with phenotype-blind fold-local weather-distance OOD gate (strength 2) to calibrated additive GBLUP,0.642909472615137,0.6143253475157353,0.3724203649662289,0.3289940972549076,0.5607646003566179,0.24839081023036688,0.2676766771896459,0.4896623205880022,-0.017234331313199448,0.19660778536856208,2.0466918660608098,0.0,42,complete
Maize,Trait_1,maize_weather_ood_gate_s4,Reaction-Norm GBLUP with phenotype-blind fold-local weather-distance OOD gate (strength 4) to calibrated additive GBLUP,0.642909472615137,0.6143253475157353,0.3724203649662289,0.3289940972549076,0.5607646003566179,0.26611278057092735,0.27838753937086513,0.4896623205880022,-0.017234331313199448,0.19562214173926226,2.047052585413419,0.0,42,complete
Maize,Trait_1,maize_weather_ood_gate_s8,Reaction-Norm GBLUP with phenotype-blind fold-local weather-distance OOD gate (strength 8) to calibrated additive GBLUP,0.642909472615137,0.6143253475157353,0.3724203649662289,0.3289940972549076,0.5607646003566179,0.26611278057092735,0.27838753937086513,0.4896623205880022,-0.017234331313199448,0.19562214173926226,2.047052585413419,0.0,42,complete
Maize,Trait_1,reaction_norm_gblup,full-marker VanRaden-I; fold-local MAF/missing QC; linear compact E kernel,0.642909472615137,0.6143253475157353,0.3724203649662289,0.3289940972549076,0.5607646003566179,0.16037935323186933,0.21458433659976564,0.4896623205880022,-0.017234335262474056,0.20792535529501,2.0527549132231764,52.20593696460128,42,complete
Maize,Trait_1,rkhs,full-marker VanRaden-I; fold-local MAF/missing QC; weather-PCA RBF E kernel,0.643748014338472,0.6268553956947966,0.3132207349918038,0.22818067367617006,0.5719538248559576,0.23876116934850547,0.20657975789143093,0.4530012046753106,0.0487999914971106,0.1940115324444336,2.0619802858784793,72.8564203735441,42,complete
Maize,Trait_1,rkhs_nested_tuned,outer-fold-excluded RKHS bandwidth/residual-ratio selection,0.6577869356377941,0.6397365632824741,0.19875927345809974,0.17302846142514436,not_run,not_run,not_run,0.417327808450878,0.03665787362185251,0.200286165796191,2.0346760384421176,0.0,33,complete
Maize,Trait_1,stacking_raw,cross-fitted non-negative stacking of four full-marker kernel models,0.6427070779856072,0.6188839934567479,0.2927448558639209,0.3032198075328236,0.5625953129986848,0.17597112832077355,0.19672886764689299,0.46438893370977496,0.001660100269783852,0.20420233135995772,2.0277801494313077,0.0,42,complete
Rice,Trait_1,distributional_gblup,full-marker VanRaden-I; fold-local MAF/missing QC; G kernel only; training-only weather ridge location/scale calibration,0.632295284998281,0.5463178416006984,-0.028779973879084923,-0.33188911722537784,0.6809169261152901,0.38626866438755086,0.4666365426601745,0.2044860088736292,-0.15919462994482708,0.2577828845140947,8.537216875194416,6.927113130688667,31,complete
Rice,Trait_1,distributional_reaction_norm_gblup,full-marker VanRaden-I; fold-local MAF/missing QC; linear compact E kernel; training-only weather ridge location/scale calibration,0.7068107947961154,0.5867737425448574,-0.02024539320930135,-0.29826955219282003,0.7263253026234461,0.2917896153591671,0.13076589591295576,0.2437673979847128,-0.5836290260722854,0.32144954427713596,8.816336305198304,8.26767154224217,31,complete
Rice,Trait_1,distributional_rkhs,full-marker VanRaden-I; fold-local MAF/missing QC; weather-PCA RBF E kernel; training-only weather ridge location/scale calibration,0.7198207551797478,0.6150952432528716,0.0348652914592745,-0.5289582623596345,0.7420215363714476,0.2765188870782466,0.05862830092481347,0.2102057568830648,-0.323609775432964,0.32965282414990477,8.29244986246106,9.236639747396111,31,complete
Rice,Trait_1,gblup,full-marker VanRaden-I; fold-local MAF/missing QC; G kernel only,0.25245668432836516,0.14728147282728973,0.0428672623946483,-0.2673225557912603,0.3009768521693221,0.2920159554143215,0.3302633202501347,0.043820715939760724,-0.10579512040761421,0.16153440355889653,8.63284527018634,7.127078579738736,31,complete
Rice,Trait_1,gblup_environment,full-marker VanRaden-I; fold-local MAF/missing QC; linear compact E kernel,0.46837718289334024,0.310070289131698,-0.31909523840827353,-0.5579299622883762,0.47002949337035266,0.39173431972190387,0.3348249897349589,-0.024644432167902866,-0.15185453335046195,0.1907281240287843,10.763891929171448,3.2077519111335278,31,complete
Rice,Trait_1,reaction_norm_gblup,full-marker VanRaden-I; fold-local MAF/missing QC; linear compact E kernel,0.577851183178601,0.4053163736051722,-0.27702527956588385,-0.6403713891430678,0.5064179310006706,0.2858194730901147,0.10660490088552066,0.01644272201870539,-0.6621870679144164,0.2711650331314354,10.792075606232332,6.224574388936162,31,complete
Rice,Trait_1,rice_rkhs_multiscale_equal,equal-weight RKHS ensemble; environment RBF bandwidths 0.5x and 1.0x median; residual ratio 0.2,0.7285916818185137,0.6121645037139414,0.3705409948474655,0.3600722330978333,0.7413454089839119,0.3208836340914801,0.11414140488175589,0.5178423533694384,-0.43607289680049116,0.3154308677130519,7.122292750705778,0.0,31,complete
Rice,Trait_1,rkhs,full-marker VanRaden-I; fold-local MAF/missing QC; weather-PCA RBF E kernel,0.7265743314615625,0.6169985453468374,0.33345390385581,0.2762214903295877,0.7429058829667715,0.29947518989978983,0.08233109363955682,0.4883120677484494,-0.5191853815511699,0.3273099518851818,8.385313486608093,7.2733548656105995,31,complete
Rice,Trait_1,rkhs_nested_tuned,outer-fold-excluded RKHS bandwidth/residual-ratio selection,0.7323918755935437,0.6224523990595483,0.4612074821717512,0.11855605946556305,not_run,not_run,0.08233109363955682,0.48365195407260153,-0.21965581723886213,0.3251690161989969,7.808776201696979,0.0,25,complete
Rice,Trait_1,stacking_raw,cross-fitted non-negative stacking of four full-marker kernel models,0.7247618446717858,0.6042268455949786,0.22921438936708868,0.030701603760509472,0.743665394763986,0.36918272124387136,0.21773990720657635,0.39722617084859063,-0.20712527025864078,0.28620456951004397,7.3589528282025976,0.0,31,complete
Soybean,Trait_1,gblup,full-marker VanRaden-I; fold-local MAF/missing QC; G kernel only,0.7716957371294533,0.6471522334124908,0.6739053203369698,0.6177219247177692,0.8355383841484123,0.6404302374936282,0.842330697384032,0.6776188038991708,0.17633495798879584,0.2059492285907514,0.5625125226899805,31.804714389145374,47,complete
Soybean,Trait_1,gblup_environment,full-marker VanRaden-I; fold-local MAF/missing QC; linear compact E kernel,0.8171769268978774,0.7282793729411641,0.7026552060122551,0.6622345703791039,0.8655500238797119,0.6863819801336662,0.8579267032543533,0.7275865190576001,0.19838838832289807,0.16636143672032572,0.5247268271697677,36.817923828959465,47,complete
Soybean,Trait_1,reaction_norm_gblup,full-marker VanRaden-I; fold-local MAF/missing QC; linear compact E kernel,0.8488710016593927,0.745175271420598,0.731865235026627,0.6535652288023159,0.882363930871286,0.6604063395164554,0.7717254607803353,0.7448691842272335,0.1809835405567744,0.17330763345793493,0.51009702263092,183.6971949134022,47,complete
Soybean,Trait_1,rkhs,full-marker VanRaden-I; fold-local MAF/missing QC; weather-PCA RBF E kernel,0.8867071145872869,0.8269994762189001,0.728836716254629,0.6790008177904638,0.917760941303502,0.7302286969340859,0.8369750756694527,0.7803860312128199,0.13766857778406988,0.17496472218211392,0.4872890658164486,395.57814845629036,47,complete
Soybean,Trait_1,stacking_raw,cross-fitted non-negative stacking of four full-marker kernel models,0.8808345824537258,0.8215237341462884,0.7473338576404884,0.6969854367503179,0.9158261103552938,0.6958818840833834,0.8490012917563936,0.7866694027477051,0.18209912870361067,0.17199634101214015,0.4695080773135111,0.0,47,complete
Soybean,Trait_2,gblup,full-marker VanRaden-I; fold-local MAF/missing QC; G kernel only,0.9003983854006337,0.8277679809030172,0.8573583468841164,0.7862541425859467,0.9124961398022958,0.8642578160797362,0.8654086721554753,0.8429447139434284,0.4552000385892336,0.1155260497655828,2.631896641467391,27.287878688424826,47,complete
Soybean,Trait_2,gblup_environment,full-marker VanRaden-I; fold-local MAF/missing QC; linear compact E kernel,0.9107132671226131,0.8301311143850199,0.859265016214217,0.775381152634478,0.9247315090831965,0.8633621391137596,0.8686735625964989,0.8438726375890819,0.4653541404308825,0.10983661084178743,2.573966687059378,31.177330754697323,47,complete
Soybean,Trait_2,reaction_norm_gblup,full-marker VanRaden-I; fold-local MAF/missing QC; linear compact E kernel,0.9215051489643292,0.8376536918559085,0.8661593021143581,0.7986842972616879,0.9310103780443906,0.8579518282855902,0.8750749589760033,0.8560006100490709,0.5957486471870093,0.09187177620562059,2.484419201297617,161.34510484710336,47,complete
Soybean,Trait_2,rkhs,full-marker VanRaden-I; fold-local MAF/missing QC; weather-PCA RBF E kernel,0.9256170482909173,0.8422959909415698,0.8688550974408695,0.8040487643895495,0.9346003365862331,0.861326494779746,0.8688064943771151,0.8602042252657265,0.5934944121168948,0.0916454749229091,2.4885190337792613,366.6161969732493,47,complete
Soybean,Trait_2,stacking_raw,cross-fitted non-negative stacking of four full-marker kernel models,0.9218725685662462,0.8416207848080132,0.8682626695624902,0.8023828551808871,0.9302553645641204,0.8661107276962614,0.8745612375987794,0.8585347195294092,0.5828281707791629,0.09598212873743152,2.4795449966274714,0.0,47,complete
Wheat,Trait_1,distributional_gblup,full-marker VanRaden-I; fold-local MAF/missing QC; G kernel only; training-only weather ridge location/scale calibration,0.779381602191773,0.7540752788542093,0.20663896000486637,-0.07376080594302382,0.749530505538404,0.00784086104782992,-0.2991830802074139,0.4165837587769562,-0.2991830852956322,0.3177613364795883,5.68664986647007,7.285720041021705,31,complete
Wheat,Trait_1,distributional_reaction_norm_gblup,full-marker VanRaden-I; fold-local MAF/missing QC; linear compact E kernel; training-only weather ridge location/scale calibration,0.8038113873916893,0.7687640148366124,0.24154877668960764,-0.13745759373724692,0.7767647010113485,-0.09845526087769667,-0.47109079768288875,0.41916664629516565,-0.47109080921856555,0.35687206858736714,6.11432752531147,5.7129083927720785,31,complete
Wheat,Trait_1,distributional_rkhs,full-marker VanRaden-I; fold-local MAF/missing QC; weather-PCA RBF E kernel; training-only weather ridge location/scale calibration,0.8033105845545483,0.7700466185011874,0.22691376459162854,-0.08181575374187303,0.7772521233396912,-0.04746287269111334,-0.44334427989637554,0.4296138034763728,-0.4433442891963174,0.3432896965429257,5.611691836035181,7.761962058022618,31,complete
Wheat,Trait_1,gblup,full-marker VanRaden-I; fold-local MAF/missing QC; G kernel only,0.31632721597854097,0.22936324482158593,-0.07554784435413792,-0.10302899916806746,0.3284235387676932,0.3092469535618194,0.2877496474974955,0.0917784043194804,-0.02146821004885234,0.12712227008713986,6.761287250516984,7.305347358807921,31,complete
Wheat,Trait_1,gblup_environment,full-marker VanRaden-I; fold-local MAF/missing QC; linear compact E kernel,0.7471721463249887,0.7250732161375324,-0.029464194379625403,0.19252708526296697,0.734086990613107,-0.3104225148146948,-0.6682874696616364,0.4088270633364657,-0.6682874766825844,0.453253221034983,6.756132730332735,3.500288089737296,31,complete
Wheat,Trait_1,reaction_norm_gblup,full-marker VanRaden-I; fold-local MAF/missing QC; linear compact E kernel,0.7704382381519781,0.7362660941111638,-0.03144314789250652,0.17755672040325765,0.7585116065884699,-0.3540302931316212,-0.6422359304137057,0.4132044761934732,-0.6422359395238149,0.45790082580039543,6.837480859748983,4.926780082285404,31,complete
Wheat,Trait_1,rkhs,full-marker VanRaden-I; fold-local MAF/missing QC; weather-PCA RBF E kernel,0.8017401358370251,0.778988177011786,0.3819354734595491,0.20737967236093544,0.793301501680955,0.379198054734617,0.21097201078434463,0.5425108646673239,0.011918797207100665,0.24318650389124927,5.033957212132066,7.3198540192097425,31,complete
Wheat,Trait_1,rkhs_nested_tuned,outer-fold-excluded RKHS bandwidth/residual-ratio selection,0.8063422687051169,0.7810245274960581,0.35203371877635814,-0.06062690304234092,not_run,not_run,not_run,0.469693402983798,-0.004340151656430119,0.2699001830573232,5.2041585840486215,0.0,24,complete
Wheat,Trait_1,stacking_raw,cross-fitted non-negative stacking of four full-marker kernel models,0.7983514566744108,0.7739411018020375,0.20234601296930402,-0.18566496202132543,0.7893206820251534,0.3672534698650501,0.11826201714781062,0.39724340235610667,-0.0061584686230927175,0.2588394372913138,5.19716344142794,0.0,31,complete
Wheat,Trait_1,wheat_rkhs_lowrank16,RKHS; fold-local truncated-SVD missing-genotype imputation rank 16; observed dosages unchanged,0.8039939876169979,0.77944429150279,0.38418722157854757,0.19660046838979373,0.7932009972752883,0.3443178002873885,0.1508099216526172,0.5410564922720322,0.0033472816940384974,0.25028327230976716,5.0233499266917905,12.681869881227612,31,complete
Wheat,Trait_1,wheat_rkhs_lowrank32,RKHS; fold-local truncated-SVD missing-genotype imputation rank 32; observed dosages unchanged,0.8048264729885024,0.7800945039747944,0.3884447851495362,0.1970342404935856,0.7939851454189745,0.34897025082265626,0.1436659132085617,0.5426000006516046,0.009231391640290751,0.2496133635429636,5.0129164384257505,14.169272838160396,31,complete
Wheat,Trait_1,wheat_rkhs_lowrank64,RKHS; fold-local truncated-SVD missing-genotype imputation rank 64; observed dosages unchanged,0.8051168623137448,0.7803101227263795,0.38641006912672027,0.20247504092196744,0.7927338250654247,0.34607081642718773,0.15061656929522116,0.543578023772203,-0.008660002665687314,0.2513163615822102,5.016990502173007,12.355004336684942,31,complete
Wheat,Trait_1,wheat_rkhs_lowrank8,RKHS; fold-local truncated-SVD missing-genotype imputation rank 8; observed dosages unchanged,0.8034096408875099,0.7792288196498711,0.38324334084633177,0.20373979787939497,0.7925650968057507,0.34622030793314695,0.15500476224597362,0.542405399815777,-0.0007678972903963303,0.24896479217396064,5.028675420635345,12.948405008763075,31,complete
Wheat,Trait_1,wheat_rkhs_lr64w025,RKHS; fold-local rank-64 SVD missing-genotype residual with weight 0.25; observed dosages unchanged,0.8028664441214398,0.7793824469090029,0.3827713857085456,0.20623132182290613,0.7932680496393699,0.3699160415180347,0.19145021951954233,0.5428128996404735,0.0048329765825063965,0.2456221235038711,5.029925997554476,13.527800511568785,31,complete
Wheat,Trait_1,wheat_rkhs_lr64w050,RKHS; fold-local rank-64 SVD missing-genotype residual with weight 0.50; observed dosages unchanged,0.8038002999154787,0.7797366524530217,0.3837922453526108,0.20516246133072008,0.7932273428852555,0.36119540917274073,0.17305603790945753,0.5431229147629578,-0.001295167477735986,0.24794848443954645,5.025737360211249,13.424140682443976,31,complete
Wheat,Trait_1,wheat_rkhs_lr64w075,RKHS; fold-local rank-64 SVD missing-genotype residual with weight 0.75; observed dosages unchanged,0.8045480507127932,0.7800384641947469,0.38500467508840186,0.20366515051418704,0.7930725742962584,0.3531572413154022,0.1610195200039275,0.5433140851275322,-0.005384279534253234,0.24978917657575223,5.021407843154477,13.797426020726562,31,complete
Wheat,Trait_1,wheat_rkhs_maxmiss010,RKHS; fold-local allele-mean imputation; marker missingness ceiling 0.10,0.7979695418606834,0.7751548352652317,0.38474396422715657,0.1886181628563378,0.7778707272809822,0.34054799267316155,0.15580047024751326,0.5366216260523523,0.022497940798347466,0.2594177028785597,5.062733096757609,11.880587765946984,31,complete
Wheat,Trait_1,wheat_rkhs_maxmiss020,RKHS; fold-local allele-mean imputation; marker missingness ceiling 0.20,0.8032081241962963,0.7792050419757933,0.38493115219628127,0.20878683587277103,0.7920704832742196,0.3589778886308362,0.19168721616847745,0.5440327885602855,-0.05503020785566983,0.2538868570389654,5.0372779192611,12.571222268044949,31,complete
Wheat,Trait_1,wheat_rkhs_maxmiss030,RKHS; fold-local allele-mean imputation; marker missingness ceiling 0.30,0.8021723323646781,0.7793183617939163,0.3856168108689974,0.21078150758999262,0.7925968004070786,0.3686175936285261,0.20406646706689716,0.5444722531543962,0.00433494404370737,0.2462910306255652,5.031698175916143,12.578632552176714,31,complete
Wheat,Trait_1,wheat_rkhs_maxmiss035,RKHS; fold-local allele-mean imputation; marker missingness ceiling 0.35,0.8025223145684114,0.7794441504315964,0.3834533823463828,0.20750810804945347,0.793294660105926,0.3737803040605616,0.20598455409166272,0.5432319888489611,-0.011830433425370475,0.24584936718156142,5.033498720726657,12.361378140747547,31,complete
Wheat,Trait_1,wheat_rkhs_maxmiss050,RKHS; fold-local allele-mean imputation; marker missingness ceiling 0.50,0.801597682861451,0.7788618592148668,0.3818122043305491,0.20488824139804976,0.7927961706879053,0.37917829214408805,0.21502924566157813,0.5417899969512292,0.00803143662346159,0.24378090194218585,5.034803066569367,13.29245726019144,31,complete
